,combination,mutant,energy
0,WALGW,NHFEWEVKSPIEQAKKHISAHSMFAAFQTLMHYAQSRGLHGFWHYHKKKHTFVSYC,0.050442526
1,WALGW,NHFEWEVKSPIEQAKKHISAHSMFAAFQTLMHYAQSRGLHGFWHYHKKKHTFVSYC,0.050442526
2,WAIGW,NQFGWTNHTPHASCSMTCGAASQEEAYMFIIQIALSMGNEGTWSYSPGQQKYELWS,0.0511335195
3,FAFGF,AVFSFVHITSNCYHMCWCHAQNHHLAKKIFIGWAHDMEVEGYFKYNPARKLYQLRT,0.0579094546
4,FAFGF,AVFSFVHITSNCYHMCWCHAQNHHLAKKIFIGWAHDMEVEGYFKYNPARKLYQLRT,0.0579094546
5,LGFGW,MTYILKVKAQEHHAEVSCDASDKWEGLRTFRMKATQEGWNGKWKYCEDNNVFEIYL,0.0581726794
6,LAMGF,NTFSLVMIADGGTNSRFVFASNVTLAKFFMESWAEAMGWTGAFTYCWFHQTFFVYL,0.0613899043
7,FAIGW,NQFGFTNHTPQASQSMTCGAASHKEAYHIISQIAHSVGNEGTWSYNPGEQSYELYS,0.0619492656
8,LAFGI,MVYALVMEHPILCSTSMCRAHDMIDALHLFQYWAIISGYKGNITFNTTRRVFKVVW,0.0689234126
9,MCFCF,HIYFMDWHTPQGMCNDCCYSDGPEKCEFMFRMIAAKNGLDCSFTMDYAHNKWTAVF,0.0692374145
10,FAFAW,KHYQFVMHYHDAIGECCCEARYEHCAFEFFRKWAQLMECRADWTFNIRQRRYTVYC,0.0723868182
11,FAFAW,KHYQFVMHYHDAIGECCCEARYEHCAFEFFRKWAQLMECRADWTFNIRQRRYTVYC,0.0723868182
12,MCFCY,YVWSMVWNTPRFMGDDECHSDTPEGCYQFFMMKSKELGVCCEYTLDARTQQWTVAY,0.0754937581
13,MCFCY,YVWSMVWNTPRFMGDDECHSDTPEGCYQFFMMKSKELGVCCEYTLDARTQQWTVAY,0.0754937581
14,TCFAF,PMWKTRWIVPGWSGEDTCHGESPETCEIYFKQTAMQYEMNASFALDKEQNSWLVFG,0.0768757948
15,LCFCW,TYFVLIMHGPNETRIAWHICYDVEDCFLLFYEEAVKANTPCKWTYNRAKDIFHCKR,0.0785590871
16,LAYAF,QIYYLTVVSHTITLHDKICCADHDHARMFYTFWASRTMLFAHFSFNQNKNQFRVCA,0.07891137
17,LAFVW,YWYTLTICQHDKTFDAFYMAWSRCQAEIIFKQWASYRMHRVNWKYDTHSQRFQVYQ,0.0792668266
18,LAFAF,QIYYLTVVSHTLTHHDKINCADHDHARMFFTFWASRTMLFAHFSFDQNKNMFRVCA,0.0857008223
19,ACFCY,HVWHANWDVPQWQGTDECHGETPESCQVYFENSAEENMYDCSYALDEQSMSWHVYM,0.0860851309
20,LAFVF,QWYYLTMVSHARTMHCRVWCADLLHALDFFTEWAMKTCRFVEFSFDSTKNQFRVCA,0.0872590191
21,LAFVF,QWYYLTMVSHARTMHCRVWCADLLHALDFFTEWAMKTCRFVEFSFDSTKNQFRVCA,0.0872590191
22,LCFCF,NYFALIFHGPWESHYAFCSCHEPQECADLFRIEAAANNQNCRFSYHFHRQVFYCTF,0.0898735215
23,ACFAY,MVWHARWQVPGWRGDDECFGETPEICQMFFQASANMMSVHASYKLDQDTQSWQVTT,0.0911018612
24,LAWAF,HIYVLWLVMRNKVYADHVDCPSHKDAQAYWGWWSECINLNATFFWDNRVNHFLMII,0.0970634032
